#{"t_start": 1622137803.441993, "env_id": "GazeboMarsLsdForce-Lidar-v0"}
r,l,t
-50,188,42.931868
0,106,76.757539
0,115,113.445465
-50,103,162.756334
-50,104,198.228384
0,106,247.788324
