#{"t_start": 1621797841.4446104, "env_id": "GazeboMarsLsdForce-Lidar-v0"}
r,l,t
100,190,30.983197
100,89,61.118366
100,98,90.277972
-50,100,120.414707
-50,102,150.458501
